<?xml version="1.0" encoding="UTF-8"?>
<beans xmlns="http://www.springframework.org/schema/beans"
	xmlns:xsi="http://www.w3.org/2001/XMLSchema-instance"
	xmlns:jdbc="http://www.springframework.org/schema/jdbc"
	xmlns:mybatis-spring="http://mybatis.org/schema/mybatis-spring"
	xsi:schemaLocation="http://www.springframework.org/schema/jdbc http://www.springframework.org/schema/jdbc/spring-jdbc-4.3.xsd
		http://mybatis.org/schema/mybatis-spring http://mybatis.org/schema/mybatis-spring-1.2.xsd
		http://www.springframework.org/schema/beans https://www.springframework.org/schema/beans/spring-beans.xsd">
	<!-- namespace에서 jdbc 체크 -->
	
	<!-- 데이버베이스 외부설정 파일을 읽어오는 빈 -->
	
	<bean class="org.springframework.beans.factory.config.PropertyPlaceholderConfigurer">
	
		<property name="location" value="classpath:/db-config/hikari.properties" />
	
	</bean>
	
	
	<!-- 데이터베이스 ㅡ접속 정보 -->
	<bean id="hikariConfig" class="com.zaxxer.hikari.HikariConfig">
	
		<property name="driverClassName" value="${ds.driverClassName}" />
		<property name="jdbcUrl" value="${ds.jdbcUrl}" />
		<property name="username" value="${ds.username}" />
		<property name="password" value="${ds.password}" />
	
	</bean>
	
	<!-- 커넥션 풀 설정 -->
	
	<bean id="dataSource" class="com.zaxxer.hikari.HikariDataSource" >
	
		<constructor-arg ref="hikariConfig" />
	
	</bean>
	
	<!-- mybatis 연결 -->
	<!-- namespace 체크, sqlSessionFactory 빈 객체를 사용, sacn 명령 -->
	
	<bean id="sqlSessionFactory" class="org.mybatis.spring.SqlSessionFactoryBean">
		<property name="dataSource" ref="dataSource" />
		<!-- xml mapper의 위치 지정 -->
		<!-- <property name="mapperLocations" value="classpath:/sql-map/*.xml"  /> --> <!-- classpath:/ 리소스 안에 파일 참조 가능 -->
		
		<property name="configLocation" value="classpath:/mybatis-config/mybatis-config.xml" />
		
	</bean>
		
	<!-- mybatis의 인터페이스를 사용할 수 있도록 처리 -->
	<mybatis-spring:scan base-package="com.team404.*"/>
	

		
</beans>
